week,sentiment_mean,sentiment_std,subjectivity_mean,subjectivity_std,counting
2025-46,0.10907825375337955,0.8882697391355323,-0.6617773487740054,1.2890820232183895,7.0
2025-47,0.14194921165585264,0.7733838729343799,0.005594868381951183,0.6785674428676779,21.0
2025-48,0.46017348833494626,0.25381252720004416,-0.2527089852609928,1.3814981277704856,3.0
2025-49,0.5390679403617711,0.8259011027841054,-0.4037806220032021,0.7896950891553778,12.0
2025-50,-0.7179037174710542,1.1763646608834877,0.48214134511287715,1.2179807792166009,7.0
2025-51,-0.3192064635419872,0.8045510952594693,0.3749761433564858,0.49468318045230525,6.0
2025-52,0.13738038566334165,0.7463509801197431,0.2536389775086414,0.6238839502844525,6.0
2026-00,0.015580711386768574,0.7064532131703408,-0.10854452172923214,1.0555018523418553,7.0
2026-01,-0.24477686392281955,1.0333890826079049,0.325977235149464,0.8575097478101023,20.0
